63a0885642a7b96c, /home/gangwu/projects/landmarks/data/tiny-landmarks/validate/2743/63a0885642a7b96c.jpg, 2743
49794d3254a04c50, /home/gangwu/projects/landmarks/data/tiny-landmarks/validate/2743/49794d3254a04c50.jpg, 2743
4055a9320414da11, /home/gangwu/projects/landmarks/data/tiny-landmarks/validate/2743/4055a9320414da11.jpg, 2743
5f2444c914ae38e7, /home/gangwu/projects/landmarks/data/tiny-landmarks/validate/2743/5f2444c914ae38e7.jpg, 2743
195212b530415bf9, /home/gangwu/projects/landmarks/data/tiny-landmarks/validate/2743/195212b530415bf9.jpg, 2743
83c87dc6aa8ba9ee, /home/gangwu/projects/landmarks/data/tiny-landmarks/validate/2743/83c87dc6aa8ba9ee.jpg, 2743
c8a3becc2c0c0dbf, /home/gangwu/projects/landmarks/data/tiny-landmarks/validate/2743/c8a3becc2c0c0dbf.jpg, 2743
77881def25ab139c, /home/gangwu/projects/landmarks/data/tiny-landmarks/validate/2743/77881def25ab139c.jpg, 2743
9afcba6d57b1f708, /home/gangwu/projects/landmarks/data/tiny-landmarks/validate/2743/9afcba6d57b1f708.jpg, 2743
8730ce00d9a10140, /home/gangwu/projects/landmarks/data/tiny-landmarks/validate/2743/8730ce00d9a10140.jpg, 2743
21f49692bad76581, /home/gangwu/projects/landmarks/data/tiny-landmarks/validate/2743/21f49692bad76581.jpg, 2743
0f0bd2adf92bda3c, /home/gangwu/projects/landmarks/data/tiny-landmarks/validate/2743/0f0bd2adf92bda3c.jpg, 2743
5ed11865c5ae1195, /home/gangwu/projects/landmarks/data/tiny-landmarks/validate/2743/5ed11865c5ae1195.jpg, 2743
e3c506f2665177a6, /home/gangwu/projects/landmarks/data/tiny-landmarks/validate/2743/e3c506f2665177a6.jpg, 2743
3104eb66a78603d7, /home/gangwu/projects/landmarks/data/tiny-landmarks/validate/2743/3104eb66a78603d7.jpg, 2743
d3aecc15280f33ea, /home/gangwu/projects/landmarks/data/tiny-landmarks/validate/2743/d3aecc15280f33ea.jpg, 2743
35a61be915c3f147, /home/gangwu/projects/landmarks/data/tiny-landmarks/validate/2743/35a61be915c3f147.jpg, 2743
fbd6be05603ef803, /home/gangwu/projects/landmarks/data/tiny-landmarks/validate/2743/fbd6be05603ef803.jpg, 2743
674767df8aaac4ee, /home/gangwu/projects/landmarks/data/tiny-landmarks/validate/2743/674767df8aaac4ee.jpg, 2743
0707e118f27c5b08, /home/gangwu/projects/landmarks/data/tiny-landmarks/validate/2743/0707e118f27c5b08.jpg, 2743
a0b929e39637ad42, /home/gangwu/projects/landmarks/data/tiny-landmarks/validate/2743/a0b929e39637ad42.jpg, 2743
05dbe11fd4f9b983, /home/gangwu/projects/landmarks/data/tiny-landmarks/validate/2743/05dbe11fd4f9b983.jpg, 2743
dbbc18af53480c0a, /home/gangwu/projects/landmarks/data/tiny-landmarks/validate/2743/dbbc18af53480c0a.jpg, 2743
07ff1b6e4b1664fb, /home/gangwu/projects/landmarks/data/tiny-landmarks/validate/2743/07ff1b6e4b1664fb.jpg, 2743
74a32aac55fd1031, /home/gangwu/projects/landmarks/data/tiny-landmarks/validate/2743/74a32aac55fd1031.jpg, 2743
d274840c9c51b62d, /home/gangwu/projects/landmarks/data/tiny-landmarks/validate/2743/d274840c9c51b62d.jpg, 2743
964e89766fea6f89, /home/gangwu/projects/landmarks/data/tiny-landmarks/validate/2743/964e89766fea6f89.jpg, 2743
29c99475c548bfc1, /home/gangwu/projects/landmarks/data/tiny-landmarks/validate/2743/29c99475c548bfc1.jpg, 2743
78a100ac3cb1a6f7, /home/gangwu/projects/landmarks/data/tiny-landmarks/validate/2743/78a100ac3cb1a6f7.jpg, 2743
2f06ff27d0091203, /home/gangwu/projects/landmarks/data/tiny-landmarks/validate/2743/2f06ff27d0091203.jpg, 2743
610934470524358a, /home/gangwu/projects/landmarks/data/tiny-landmarks/validate/2743/610934470524358a.jpg, 2743
b03f39120a2ac574, /home/gangwu/projects/landmarks/data/tiny-landmarks/validate/2743/b03f39120a2ac574.jpg, 2743
4b99b11dd16199e9, /home/gangwu/projects/landmarks/data/tiny-landmarks/validate/2743/4b99b11dd16199e9.jpg, 2743
3a97466947d2e68e, /home/gangwu/projects/landmarks/data/tiny-landmarks/validate/2743/3a97466947d2e68e.jpg, 2743
1ad864a1b920dfd7, /home/gangwu/projects/landmarks/data/tiny-landmarks/validate/2743/1ad864a1b920dfd7.jpg, 2743
aa8e76cb13abae20, /home/gangwu/projects/landmarks/data/tiny-landmarks/validate/2743/aa8e76cb13abae20.jpg, 2743
aab047d5e089a315, /home/gangwu/projects/landmarks/data/tiny-landmarks/validate/2743/aab047d5e089a315.jpg, 2743
5a7fc449c60e1c53, /home/gangwu/projects/landmarks/data/tiny-landmarks/validate/2743/5a7fc449c60e1c53.jpg, 2743
b526c7c3dc0fb47e, /home/gangwu/projects/landmarks/data/tiny-landmarks/validate/2743/b526c7c3dc0fb47e.jpg, 2743
ad0e77bea3c150c3, /home/gangwu/projects/landmarks/data/tiny-landmarks/validate/2743/ad0e77bea3c150c3.jpg, 2743
c0862fa419d62e2f, /home/gangwu/projects/landmarks/data/tiny-landmarks/validate/2743/c0862fa419d62e2f.jpg, 2743
1825b34852eb07c0, /home/gangwu/projects/landmarks/data/tiny-landmarks/validate/2743/1825b34852eb07c0.jpg, 2743
edbdb997f1dac18a, /home/gangwu/projects/landmarks/data/tiny-landmarks/validate/2743/edbdb997f1dac18a.jpg, 2743
63f561538daa24db, /home/gangwu/projects/landmarks/data/tiny-landmarks/validate/2743/63f561538daa24db.jpg, 2743
63c37573a948fc8d, /home/gangwu/projects/landmarks/data/tiny-landmarks/validate/2743/63c37573a948fc8d.jpg, 2743
d9bb8211a015a0d3, /home/gangwu/projects/landmarks/data/tiny-landmarks/validate/2743/d9bb8211a015a0d3.jpg, 2743
5f76771bb5dfc4e2, /home/gangwu/projects/landmarks/data/tiny-landmarks/validate/2743/5f76771bb5dfc4e2.jpg, 2743
c249285bda6e0628, /home/gangwu/projects/landmarks/data/tiny-landmarks/validate/2743/c249285bda6e0628.jpg, 2743
73cfe80b2035aae8, /home/gangwu/projects/landmarks/data/tiny-landmarks/validate/2743/73cfe80b2035aae8.jpg, 2743
b1b38fcd656b57c0, /home/gangwu/projects/landmarks/data/tiny-landmarks/validate/2743/b1b38fcd656b57c0.jpg, 2743
1c565a9de59fb375, /home/gangwu/projects/landmarks/data/tiny-landmarks/validate/4352/1c565a9de59fb375.jpg, 4352
d1f55e070b9120b6, /home/gangwu/projects/landmarks/data/tiny-landmarks/validate/4352/d1f55e070b9120b6.jpg, 4352
e2544ad3f6bf7c7c, /home/gangwu/projects/landmarks/data/tiny-landmarks/validate/4352/e2544ad3f6bf7c7c.jpg, 4352
85171d54abe5e981, /home/gangwu/projects/landmarks/data/tiny-landmarks/validate/4352/85171d54abe5e981.jpg, 4352
fa21df14b71068af, /home/gangwu/projects/landmarks/data/tiny-landmarks/validate/4352/fa21df14b71068af.jpg, 4352
8e167c65c94eff83, /home/gangwu/projects/landmarks/data/tiny-landmarks/validate/4352/8e167c65c94eff83.jpg, 4352
becf3a882dc8929d, /home/gangwu/projects/landmarks/data/tiny-landmarks/validate/4352/becf3a882dc8929d.jpg, 4352
9339dd92a0b19a10, /home/gangwu/projects/landmarks/data/tiny-landmarks/validate/4352/9339dd92a0b19a10.jpg, 4352
8828784550c6f92e, /home/gangwu/projects/landmarks/data/tiny-landmarks/validate/4352/8828784550c6f92e.jpg, 4352
355ce04dbfa8e421, /home/gangwu/projects/landmarks/data/tiny-landmarks/validate/4352/355ce04dbfa8e421.jpg, 4352
07bbd4d15bb53be6, /home/gangwu/projects/landmarks/data/tiny-landmarks/validate/4352/07bbd4d15bb53be6.jpg, 4352
c012da69c62038fd, /home/gangwu/projects/landmarks/data/tiny-landmarks/validate/4352/c012da69c62038fd.jpg, 4352
10931ae2d68392a0, /home/gangwu/projects/landmarks/data/tiny-landmarks/validate/4352/10931ae2d68392a0.jpg, 4352
39454f60773e5714, /home/gangwu/projects/landmarks/data/tiny-landmarks/validate/4352/39454f60773e5714.jpg, 4352
a437ed5a26c121b0, /home/gangwu/projects/landmarks/data/tiny-landmarks/validate/4352/a437ed5a26c121b0.jpg, 4352
d23daa2af4d30035, /home/gangwu/projects/landmarks/data/tiny-landmarks/validate/4352/d23daa2af4d30035.jpg, 4352
dc5d6e5db21b0e96, /home/gangwu/projects/landmarks/data/tiny-landmarks/validate/4352/dc5d6e5db21b0e96.jpg, 4352
ab2a78cae5c24700, /home/gangwu/projects/landmarks/data/tiny-landmarks/validate/4352/ab2a78cae5c24700.jpg, 4352
4f6e9c09585f0bb5, /home/gangwu/projects/landmarks/data/tiny-landmarks/validate/4352/4f6e9c09585f0bb5.jpg, 4352
e77a0fc5ad390579, /home/gangwu/projects/landmarks/data/tiny-landmarks/validate/4352/e77a0fc5ad390579.jpg, 4352
6e2d5062d3417cb3, /home/gangwu/projects/landmarks/data/tiny-landmarks/validate/4352/6e2d5062d3417cb3.jpg, 4352
a6aa3705aa251f3a, /home/gangwu/projects/landmarks/data/tiny-landmarks/validate/4352/a6aa3705aa251f3a.jpg, 4352
1c00dbc06a4e6319, /home/gangwu/projects/landmarks/data/tiny-landmarks/validate/4352/1c00dbc06a4e6319.jpg, 4352
dfcf078b744e03ca, /home/gangwu/projects/landmarks/data/tiny-landmarks/validate/4352/dfcf078b744e03ca.jpg, 4352
ec475e2a512c2fb9, /home/gangwu/projects/landmarks/data/tiny-landmarks/validate/4352/ec475e2a512c2fb9.jpg, 4352
009158f6eb2752df, /home/gangwu/projects/landmarks/data/tiny-landmarks/validate/4352/009158f6eb2752df.jpg, 4352
7af4ca8f23edcece, /home/gangwu/projects/landmarks/data/tiny-landmarks/validate/4352/7af4ca8f23edcece.jpg, 4352
e6472b8e8aa74ec3, /home/gangwu/projects/landmarks/data/tiny-landmarks/validate/4352/e6472b8e8aa74ec3.jpg, 4352
0ac5a41ff634ecb2, /home/gangwu/projects/landmarks/data/tiny-landmarks/validate/4352/0ac5a41ff634ecb2.jpg, 4352
9d304030ac018b81, /home/gangwu/projects/landmarks/data/tiny-landmarks/validate/4352/9d304030ac018b81.jpg, 4352
89dc0bb2f6823612, /home/gangwu/projects/landmarks/data/tiny-landmarks/validate/4352/89dc0bb2f6823612.jpg, 4352
935767e5b2a98cc2, /home/gangwu/projects/landmarks/data/tiny-landmarks/validate/4352/935767e5b2a98cc2.jpg, 4352
3923f38173265213, /home/gangwu/projects/landmarks/data/tiny-landmarks/validate/4352/3923f38173265213.jpg, 4352
8fa08329f0faca33, /home/gangwu/projects/landmarks/data/tiny-landmarks/validate/4352/8fa08329f0faca33.jpg, 4352
024750f9e0f6e610, /home/gangwu/projects/landmarks/data/tiny-landmarks/validate/4352/024750f9e0f6e610.jpg, 4352
e1264ca8e939f416, /home/gangwu/projects/landmarks/data/tiny-landmarks/validate/4352/e1264ca8e939f416.jpg, 4352
69d5de656ffa1bfa, /home/gangwu/projects/landmarks/data/tiny-landmarks/validate/4352/69d5de656ffa1bfa.jpg, 4352
460e5e374b25accf, /home/gangwu/projects/landmarks/data/tiny-landmarks/validate/4352/460e5e374b25accf.jpg, 4352
edcff1d2fb568989, /home/gangwu/projects/landmarks/data/tiny-landmarks/validate/4352/edcff1d2fb568989.jpg, 4352
06d70e46e370d5f7, /home/gangwu/projects/landmarks/data/tiny-landmarks/validate/4352/06d70e46e370d5f7.jpg, 4352
9e2d26e65876df7b, /home/gangwu/projects/landmarks/data/tiny-landmarks/validate/4352/9e2d26e65876df7b.jpg, 4352
d5396b0bf3d1ab06, /home/gangwu/projects/landmarks/data/tiny-landmarks/validate/4352/d5396b0bf3d1ab06.jpg, 4352
41faaee6d3d40840, /home/gangwu/projects/landmarks/data/tiny-landmarks/validate/4352/41faaee6d3d40840.jpg, 4352
7f361f97f7549504, /home/gangwu/projects/landmarks/data/tiny-landmarks/validate/4352/7f361f97f7549504.jpg, 4352
885a3029c3c65c28, /home/gangwu/projects/landmarks/data/tiny-landmarks/validate/4352/885a3029c3c65c28.jpg, 4352
0e546f0de66e2640, /home/gangwu/projects/landmarks/data/tiny-landmarks/validate/4352/0e546f0de66e2640.jpg, 4352
5ca6e49408d814d3, /home/gangwu/projects/landmarks/data/tiny-landmarks/validate/4352/5ca6e49408d814d3.jpg, 4352
14e5b017448d63e7, /home/gangwu/projects/landmarks/data/tiny-landmarks/validate/4352/14e5b017448d63e7.jpg, 4352
b9105367afdf0623, /home/gangwu/projects/landmarks/data/tiny-landmarks/validate/4352/b9105367afdf0623.jpg, 4352
a64c046c3331f922, /home/gangwu/projects/landmarks/data/tiny-landmarks/validate/4352/a64c046c3331f922.jpg, 4352
8cad45940b3fed32, /home/gangwu/projects/landmarks/data/tiny-landmarks/validate/5554/8cad45940b3fed32.jpg, 5554
d44e8bafda047c9c, /home/gangwu/projects/landmarks/data/tiny-landmarks/validate/5554/d44e8bafda047c9c.jpg, 5554
61316ab18735a374, /home/gangwu/projects/landmarks/data/tiny-landmarks/validate/5554/61316ab18735a374.jpg, 5554
52efc51d7174fb69, /home/gangwu/projects/landmarks/data/tiny-landmarks/validate/5554/52efc51d7174fb69.jpg, 5554
a2ed73eaea61ae07, /home/gangwu/projects/landmarks/data/tiny-landmarks/validate/5554/a2ed73eaea61ae07.jpg, 5554
a6eb3148b34574c0, /home/gangwu/projects/landmarks/data/tiny-landmarks/validate/5554/a6eb3148b34574c0.jpg, 5554
49a22c79f2b67ad6, /home/gangwu/projects/landmarks/data/tiny-landmarks/validate/5554/49a22c79f2b67ad6.jpg, 5554
5ee7c25d1f6467d3, /home/gangwu/projects/landmarks/data/tiny-landmarks/validate/5554/5ee7c25d1f6467d3.jpg, 5554
5773286e2f021ce8, /home/gangwu/projects/landmarks/data/tiny-landmarks/validate/5554/5773286e2f021ce8.jpg, 5554
354397da6d213f50, /home/gangwu/projects/landmarks/data/tiny-landmarks/validate/5554/354397da6d213f50.jpg, 5554
12c16e542f402442, /home/gangwu/projects/landmarks/data/tiny-landmarks/validate/5554/12c16e542f402442.jpg, 5554
941baf9ff0bc74ec, /home/gangwu/projects/landmarks/data/tiny-landmarks/validate/5554/941baf9ff0bc74ec.jpg, 5554
496cee7ad9d3b366, /home/gangwu/projects/landmarks/data/tiny-landmarks/validate/5554/496cee7ad9d3b366.jpg, 5554
c3b3b0f7fdf161d1, /home/gangwu/projects/landmarks/data/tiny-landmarks/validate/5554/c3b3b0f7fdf161d1.jpg, 5554
be5794518df3164b, /home/gangwu/projects/landmarks/data/tiny-landmarks/validate/5554/be5794518df3164b.jpg, 5554
04853d6ed22bb495, /home/gangwu/projects/landmarks/data/tiny-landmarks/validate/5554/04853d6ed22bb495.jpg, 5554
ece7c55b9d748e7e, /home/gangwu/projects/landmarks/data/tiny-landmarks/validate/5554/ece7c55b9d748e7e.jpg, 5554
943ba91787b27f4e, /home/gangwu/projects/landmarks/data/tiny-landmarks/validate/5554/943ba91787b27f4e.jpg, 5554
e77f20d30cd9cc63, /home/gangwu/projects/landmarks/data/tiny-landmarks/validate/5554/e77f20d30cd9cc63.jpg, 5554
9d1789cac4d9fac7, /home/gangwu/projects/landmarks/data/tiny-landmarks/validate/5554/9d1789cac4d9fac7.jpg, 5554
1ee7fb2084dd045a, /home/gangwu/projects/landmarks/data/tiny-landmarks/validate/5554/1ee7fb2084dd045a.jpg, 5554
f47176da84ce58b8, /home/gangwu/projects/landmarks/data/tiny-landmarks/validate/5554/f47176da84ce58b8.jpg, 5554
33ffb46fc1b3d04f, /home/gangwu/projects/landmarks/data/tiny-landmarks/validate/5554/33ffb46fc1b3d04f.jpg, 5554
8186f6af385ab554, /home/gangwu/projects/landmarks/data/tiny-landmarks/validate/5554/8186f6af385ab554.jpg, 5554
c0a5473841ff0d9f, /home/gangwu/projects/landmarks/data/tiny-landmarks/validate/5554/c0a5473841ff0d9f.jpg, 5554
3ecb696c3e6a93b9, /home/gangwu/projects/landmarks/data/tiny-landmarks/validate/5554/3ecb696c3e6a93b9.jpg, 5554
437a430b37cf3209, /home/gangwu/projects/landmarks/data/tiny-landmarks/validate/5554/437a430b37cf3209.jpg, 5554
ad36d4788830c6fd, /home/gangwu/projects/landmarks/data/tiny-landmarks/validate/5554/ad36d4788830c6fd.jpg, 5554
2409f20c876c6409, /home/gangwu/projects/landmarks/data/tiny-landmarks/validate/5554/2409f20c876c6409.jpg, 5554
5bf2d790d6cd871c, /home/gangwu/projects/landmarks/data/tiny-landmarks/validate/5554/5bf2d790d6cd871c.jpg, 5554
1cc64f899a84a516, /home/gangwu/projects/landmarks/data/tiny-landmarks/validate/5554/1cc64f899a84a516.jpg, 5554
76cbd63ceeab2116, /home/gangwu/projects/landmarks/data/tiny-landmarks/validate/5554/76cbd63ceeab2116.jpg, 5554
54616ba7f00bec5a, /home/gangwu/projects/landmarks/data/tiny-landmarks/validate/5554/54616ba7f00bec5a.jpg, 5554
8dba8d1b56133704, /home/gangwu/projects/landmarks/data/tiny-landmarks/validate/5554/8dba8d1b56133704.jpg, 5554
baa2462dfde77b2f, /home/gangwu/projects/landmarks/data/tiny-landmarks/validate/5554/baa2462dfde77b2f.jpg, 5554
40143624c643109f, /home/gangwu/projects/landmarks/data/tiny-landmarks/validate/5554/40143624c643109f.jpg, 5554
516bd31b092889b7, /home/gangwu/projects/landmarks/data/tiny-landmarks/validate/5554/516bd31b092889b7.jpg, 5554
7da19cbe12225eb2, /home/gangwu/projects/landmarks/data/tiny-landmarks/validate/5554/7da19cbe12225eb2.jpg, 5554
529354f51e6e1b04, /home/gangwu/projects/landmarks/data/tiny-landmarks/validate/5554/529354f51e6e1b04.jpg, 5554
1b04d0685e74504e, /home/gangwu/projects/landmarks/data/tiny-landmarks/validate/5554/1b04d0685e74504e.jpg, 5554
bc516219fc148a48, /home/gangwu/projects/landmarks/data/tiny-landmarks/validate/5554/bc516219fc148a48.jpg, 5554
db3089c374295f8a, /home/gangwu/projects/landmarks/data/tiny-landmarks/validate/5554/db3089c374295f8a.jpg, 5554
a9afffa7b610c1c9, /home/gangwu/projects/landmarks/data/tiny-landmarks/validate/5554/a9afffa7b610c1c9.jpg, 5554
a6de2135bc2c008c, /home/gangwu/projects/landmarks/data/tiny-landmarks/validate/5554/a6de2135bc2c008c.jpg, 5554
b81c3541f5c8f8a4, /home/gangwu/projects/landmarks/data/tiny-landmarks/validate/5554/b81c3541f5c8f8a4.jpg, 5554
f927ec55d506fa7d, /home/gangwu/projects/landmarks/data/tiny-landmarks/validate/5554/f927ec55d506fa7d.jpg, 5554
b0b5c7878afd340c, /home/gangwu/projects/landmarks/data/tiny-landmarks/validate/5554/b0b5c7878afd340c.jpg, 5554
968adefaa661e43b, /home/gangwu/projects/landmarks/data/tiny-landmarks/validate/5554/968adefaa661e43b.jpg, 5554
4d07b241ecbefdb5, /home/gangwu/projects/landmarks/data/tiny-landmarks/validate/5554/4d07b241ecbefdb5.jpg, 5554
6dc7f5b32a76e2ec, /home/gangwu/projects/landmarks/data/tiny-landmarks/validate/5554/6dc7f5b32a76e2ec.jpg, 5554
6f5e17d5989cc57e, /home/gangwu/projects/landmarks/data/tiny-landmarks/validate/6696/6f5e17d5989cc57e.jpg, 6696
7b80f2738ebefa27, /home/gangwu/projects/landmarks/data/tiny-landmarks/validate/6696/7b80f2738ebefa27.jpg, 6696
c3d3bef4650df746, /home/gangwu/projects/landmarks/data/tiny-landmarks/validate/6696/c3d3bef4650df746.jpg, 6696
19777ca1da2ed9a2, /home/gangwu/projects/landmarks/data/tiny-landmarks/validate/6696/19777ca1da2ed9a2.jpg, 6696
c176651b4a56c00d, /home/gangwu/projects/landmarks/data/tiny-landmarks/validate/6696/c176651b4a56c00d.jpg, 6696
13c266d362fdf575, /home/gangwu/projects/landmarks/data/tiny-landmarks/validate/6696/13c266d362fdf575.jpg, 6696
b396ef1f0b989fd2, /home/gangwu/projects/landmarks/data/tiny-landmarks/validate/6696/b396ef1f0b989fd2.jpg, 6696
51087c016fffac76, /home/gangwu/projects/landmarks/data/tiny-landmarks/validate/6696/51087c016fffac76.jpg, 6696
340af9163c079ccc, /home/gangwu/projects/landmarks/data/tiny-landmarks/validate/6696/340af9163c079ccc.jpg, 6696
9913219041a999ce, /home/gangwu/projects/landmarks/data/tiny-landmarks/validate/6696/9913219041a999ce.jpg, 6696
4c09000d436114e6, /home/gangwu/projects/landmarks/data/tiny-landmarks/validate/6696/4c09000d436114e6.jpg, 6696
2cc52db4a9c658fd, /home/gangwu/projects/landmarks/data/tiny-landmarks/validate/6696/2cc52db4a9c658fd.jpg, 6696
b451c72f2de74808, /home/gangwu/projects/landmarks/data/tiny-landmarks/validate/6696/b451c72f2de74808.jpg, 6696
cc08f8db112714ce, /home/gangwu/projects/landmarks/data/tiny-landmarks/validate/6696/cc08f8db112714ce.jpg, 6696
a16c3be2f5d67366, /home/gangwu/projects/landmarks/data/tiny-landmarks/validate/6696/a16c3be2f5d67366.jpg, 6696
359b906f9b43af5e, /home/gangwu/projects/landmarks/data/tiny-landmarks/validate/6696/359b906f9b43af5e.jpg, 6696
a537380c70224589, /home/gangwu/projects/landmarks/data/tiny-landmarks/validate/6696/a537380c70224589.jpg, 6696
d9465efaeade2ec8, /home/gangwu/projects/landmarks/data/tiny-landmarks/validate/6696/d9465efaeade2ec8.jpg, 6696
3b8aac095b2436d7, /home/gangwu/projects/landmarks/data/tiny-landmarks/validate/6696/3b8aac095b2436d7.jpg, 6696
d82f6bd21483c000, /home/gangwu/projects/landmarks/data/tiny-landmarks/validate/6696/d82f6bd21483c000.jpg, 6696
9fad18ffebf53e3e, /home/gangwu/projects/landmarks/data/tiny-landmarks/validate/6696/9fad18ffebf53e3e.jpg, 6696
3b87a599a474aced, /home/gangwu/projects/landmarks/data/tiny-landmarks/validate/6696/3b87a599a474aced.jpg, 6696
f079f18cbf03182d, /home/gangwu/projects/landmarks/data/tiny-landmarks/validate/6696/f079f18cbf03182d.jpg, 6696
051cab0e049f883b, /home/gangwu/projects/landmarks/data/tiny-landmarks/validate/6696/051cab0e049f883b.jpg, 6696
605c8a31310b9be9, /home/gangwu/projects/landmarks/data/tiny-landmarks/validate/6696/605c8a31310b9be9.jpg, 6696
de998776ca0223d1, /home/gangwu/projects/landmarks/data/tiny-landmarks/validate/6696/de998776ca0223d1.jpg, 6696
6ff6819ece344ab6, /home/gangwu/projects/landmarks/data/tiny-landmarks/validate/6696/6ff6819ece344ab6.jpg, 6696
8294bcf2b8c98b12, /home/gangwu/projects/landmarks/data/tiny-landmarks/validate/6696/8294bcf2b8c98b12.jpg, 6696
ce8e28a52037b322, /home/gangwu/projects/landmarks/data/tiny-landmarks/validate/6696/ce8e28a52037b322.jpg, 6696
95f4e43629eb42b0, /home/gangwu/projects/landmarks/data/tiny-landmarks/validate/6696/95f4e43629eb42b0.jpg, 6696
dec70c581bce10f6, /home/gangwu/projects/landmarks/data/tiny-landmarks/validate/6696/dec70c581bce10f6.jpg, 6696
e325b45a03f686ac, /home/gangwu/projects/landmarks/data/tiny-landmarks/validate/6696/e325b45a03f686ac.jpg, 6696
be6f5e79e8589828, /home/gangwu/projects/landmarks/data/tiny-landmarks/validate/6696/be6f5e79e8589828.jpg, 6696
44f29af53d5b9f6c, /home/gangwu/projects/landmarks/data/tiny-landmarks/validate/6696/44f29af53d5b9f6c.jpg, 6696
ddd845726fa49073, /home/gangwu/projects/landmarks/data/tiny-landmarks/validate/6696/ddd845726fa49073.jpg, 6696
a3f3fe8e2812d7b5, /home/gangwu/projects/landmarks/data/tiny-landmarks/validate/6696/a3f3fe8e2812d7b5.jpg, 6696
29c1d0f57e1feb3b, /home/gangwu/projects/landmarks/data/tiny-landmarks/validate/6696/29c1d0f57e1feb3b.jpg, 6696
7e67dd83fd53b855, /home/gangwu/projects/landmarks/data/tiny-landmarks/validate/6696/7e67dd83fd53b855.jpg, 6696
de308628010a2a47, /home/gangwu/projects/landmarks/data/tiny-landmarks/validate/6696/de308628010a2a47.jpg, 6696
2e1cf106af03c6ef, /home/gangwu/projects/landmarks/data/tiny-landmarks/validate/6696/2e1cf106af03c6ef.jpg, 6696
ae6f806387ba287d, /home/gangwu/projects/landmarks/data/tiny-landmarks/validate/6696/ae6f806387ba287d.jpg, 6696
df956c22fae648f3, /home/gangwu/projects/landmarks/data/tiny-landmarks/validate/6696/df956c22fae648f3.jpg, 6696
b6dcd449c2ed399b, /home/gangwu/projects/landmarks/data/tiny-landmarks/validate/6696/b6dcd449c2ed399b.jpg, 6696
367ffdab47cb14c8, /home/gangwu/projects/landmarks/data/tiny-landmarks/validate/6696/367ffdab47cb14c8.jpg, 6696
7069908e4a116870, /home/gangwu/projects/landmarks/data/tiny-landmarks/validate/6696/7069908e4a116870.jpg, 6696
59881d0a332a5db3, /home/gangwu/projects/landmarks/data/tiny-landmarks/validate/6696/59881d0a332a5db3.jpg, 6696
721dd7339035e223, /home/gangwu/projects/landmarks/data/tiny-landmarks/validate/6696/721dd7339035e223.jpg, 6696
66c4ef870bb613d1, /home/gangwu/projects/landmarks/data/tiny-landmarks/validate/6696/66c4ef870bb613d1.jpg, 6696
b6e8d534320a6ae8, /home/gangwu/projects/landmarks/data/tiny-landmarks/validate/6696/b6e8d534320a6ae8.jpg, 6696
b21a2621f5ba68dc, /home/gangwu/projects/landmarks/data/tiny-landmarks/validate/6696/b21a2621f5ba68dc.jpg, 6696
b3a30c90374a27c9, /home/gangwu/projects/landmarks/data/tiny-landmarks/validate/6599/b3a30c90374a27c9.jpg, 6599
38781873996cef4e, /home/gangwu/projects/landmarks/data/tiny-landmarks/validate/6599/38781873996cef4e.jpg, 6599
bdd552d679b9ab34, /home/gangwu/projects/landmarks/data/tiny-landmarks/validate/6599/bdd552d679b9ab34.jpg, 6599
0fa81c3d52a13ae3, /home/gangwu/projects/landmarks/data/tiny-landmarks/validate/6599/0fa81c3d52a13ae3.jpg, 6599
9fa2bc142d2f4670, /home/gangwu/projects/landmarks/data/tiny-landmarks/validate/6599/9fa2bc142d2f4670.jpg, 6599
4e59b2fe7054d7ba, /home/gangwu/projects/landmarks/data/tiny-landmarks/validate/6599/4e59b2fe7054d7ba.jpg, 6599
2cc05ac505726443, /home/gangwu/projects/landmarks/data/tiny-landmarks/validate/6599/2cc05ac505726443.jpg, 6599
82d6a8ccd78696ed, /home/gangwu/projects/landmarks/data/tiny-landmarks/validate/6599/82d6a8ccd78696ed.jpg, 6599
b343c19c75664a9d, /home/gangwu/projects/landmarks/data/tiny-landmarks/validate/6599/b343c19c75664a9d.jpg, 6599
112262199ebd8c2d, /home/gangwu/projects/landmarks/data/tiny-landmarks/validate/6599/112262199ebd8c2d.jpg, 6599
8234d09b76ccad80, /home/gangwu/projects/landmarks/data/tiny-landmarks/validate/6599/8234d09b76ccad80.jpg, 6599
e2aec3acec30e22f, /home/gangwu/projects/landmarks/data/tiny-landmarks/validate/6599/e2aec3acec30e22f.jpg, 6599
3dc3b378eb3167aa, /home/gangwu/projects/landmarks/data/tiny-landmarks/validate/6599/3dc3b378eb3167aa.jpg, 6599
bb0806415106b20d, /home/gangwu/projects/landmarks/data/tiny-landmarks/validate/6599/bb0806415106b20d.jpg, 6599
712135c691c8d225, /home/gangwu/projects/landmarks/data/tiny-landmarks/validate/6599/712135c691c8d225.jpg, 6599
9588c80467094573, /home/gangwu/projects/landmarks/data/tiny-landmarks/validate/6599/9588c80467094573.jpg, 6599
ab47427a62fb6445, /home/gangwu/projects/landmarks/data/tiny-landmarks/validate/6599/ab47427a62fb6445.jpg, 6599
63e4b3850ea1849a, /home/gangwu/projects/landmarks/data/tiny-landmarks/validate/6599/63e4b3850ea1849a.jpg, 6599
f8b7b07a2fa730a3, /home/gangwu/projects/landmarks/data/tiny-landmarks/validate/6599/f8b7b07a2fa730a3.jpg, 6599
fa9f8ade7c5cf6ac, /home/gangwu/projects/landmarks/data/tiny-landmarks/validate/6599/fa9f8ade7c5cf6ac.jpg, 6599
78e82a810b1ff958, /home/gangwu/projects/landmarks/data/tiny-landmarks/validate/6599/78e82a810b1ff958.jpg, 6599
89894e2301f6bfd0, /home/gangwu/projects/landmarks/data/tiny-landmarks/validate/6599/89894e2301f6bfd0.jpg, 6599
8a671773afb9dc79, /home/gangwu/projects/landmarks/data/tiny-landmarks/validate/6599/8a671773afb9dc79.jpg, 6599
6d87a29bc0bc5f74, /home/gangwu/projects/landmarks/data/tiny-landmarks/validate/6599/6d87a29bc0bc5f74.jpg, 6599
320aaf0d1f997b80, /home/gangwu/projects/landmarks/data/tiny-landmarks/validate/6599/320aaf0d1f997b80.jpg, 6599
9c7399e51097f9bd, /home/gangwu/projects/landmarks/data/tiny-landmarks/validate/6599/9c7399e51097f9bd.jpg, 6599
2b8b69580c3c93aa, /home/gangwu/projects/landmarks/data/tiny-landmarks/validate/6599/2b8b69580c3c93aa.jpg, 6599
531ff3f821124f90, /home/gangwu/projects/landmarks/data/tiny-landmarks/validate/6599/531ff3f821124f90.jpg, 6599
0fbc3a85f6e23584, /home/gangwu/projects/landmarks/data/tiny-landmarks/validate/6599/0fbc3a85f6e23584.jpg, 6599
bdb114e5a2f36193, /home/gangwu/projects/landmarks/data/tiny-landmarks/validate/6599/bdb114e5a2f36193.jpg, 6599
aa4459f3ee773216, /home/gangwu/projects/landmarks/data/tiny-landmarks/validate/6599/aa4459f3ee773216.jpg, 6599
19b81831e380607e, /home/gangwu/projects/landmarks/data/tiny-landmarks/validate/6599/19b81831e380607e.jpg, 6599
4195858bcc849109, /home/gangwu/projects/landmarks/data/tiny-landmarks/validate/6599/4195858bcc849109.jpg, 6599
12143783a732231f, /home/gangwu/projects/landmarks/data/tiny-landmarks/validate/6599/12143783a732231f.jpg, 6599
81be91fc3a4c9cb5, /home/gangwu/projects/landmarks/data/tiny-landmarks/validate/6599/81be91fc3a4c9cb5.jpg, 6599
f8e9b3139967fd72, /home/gangwu/projects/landmarks/data/tiny-landmarks/validate/6599/f8e9b3139967fd72.jpg, 6599
162dac913a66f0df, /home/gangwu/projects/landmarks/data/tiny-landmarks/validate/6599/162dac913a66f0df.jpg, 6599
7bf85bc8f28a1ffb, /home/gangwu/projects/landmarks/data/tiny-landmarks/validate/6599/7bf85bc8f28a1ffb.jpg, 6599
e5add90571c32b6c, /home/gangwu/projects/landmarks/data/tiny-landmarks/validate/6599/e5add90571c32b6c.jpg, 6599
f591e6ab6427bb1d, /home/gangwu/projects/landmarks/data/tiny-landmarks/validate/6599/f591e6ab6427bb1d.jpg, 6599
0ec160c62d2172e4, /home/gangwu/projects/landmarks/data/tiny-landmarks/validate/6599/0ec160c62d2172e4.jpg, 6599
529ed84b22d45bcd, /home/gangwu/projects/landmarks/data/tiny-landmarks/validate/6599/529ed84b22d45bcd.jpg, 6599
01a1552e3e1896e5, /home/gangwu/projects/landmarks/data/tiny-landmarks/validate/6599/01a1552e3e1896e5.jpg, 6599
b7eb68c0ee3b062d, /home/gangwu/projects/landmarks/data/tiny-landmarks/validate/6599/b7eb68c0ee3b062d.jpg, 6599
b7f03f27c6f6bfdb, /home/gangwu/projects/landmarks/data/tiny-landmarks/validate/6599/b7f03f27c6f6bfdb.jpg, 6599
c19208110eb9c4cb, /home/gangwu/projects/landmarks/data/tiny-landmarks/validate/6599/c19208110eb9c4cb.jpg, 6599
ff3a674957a051a9, /home/gangwu/projects/landmarks/data/tiny-landmarks/validate/6599/ff3a674957a051a9.jpg, 6599
bbd412b8bf308607, /home/gangwu/projects/landmarks/data/tiny-landmarks/validate/6599/bbd412b8bf308607.jpg, 6599
b331cfc0389dee09, /home/gangwu/projects/landmarks/data/tiny-landmarks/validate/6599/b331cfc0389dee09.jpg, 6599
3dc5b9cc0a3fa7a5, /home/gangwu/projects/landmarks/data/tiny-landmarks/validate/6599/3dc5b9cc0a3fa7a5.jpg, 6599
171d3cf752f4ab3a, /home/gangwu/projects/landmarks/data/tiny-landmarks/validate/6651/171d3cf752f4ab3a.jpg, 6651
7aab5da430a3376c, /home/gangwu/projects/landmarks/data/tiny-landmarks/validate/6651/7aab5da430a3376c.jpg, 6651
9b6e77c5b9cf471d, /home/gangwu/projects/landmarks/data/tiny-landmarks/validate/6651/9b6e77c5b9cf471d.jpg, 6651
45dede1bbe4df81e, /home/gangwu/projects/landmarks/data/tiny-landmarks/validate/6651/45dede1bbe4df81e.jpg, 6651
4e99556866110fac, /home/gangwu/projects/landmarks/data/tiny-landmarks/validate/6651/4e99556866110fac.jpg, 6651
c73b5ada21619bcc, /home/gangwu/projects/landmarks/data/tiny-landmarks/validate/6651/c73b5ada21619bcc.jpg, 6651
10e338aeafbffe43, /home/gangwu/projects/landmarks/data/tiny-landmarks/validate/6651/10e338aeafbffe43.jpg, 6651
eaa34d02dabd9bf2, /home/gangwu/projects/landmarks/data/tiny-landmarks/validate/6651/eaa34d02dabd9bf2.jpg, 6651
1336372c948b01f7, /home/gangwu/projects/landmarks/data/tiny-landmarks/validate/6651/1336372c948b01f7.jpg, 6651
b796542ee42b13ae, /home/gangwu/projects/landmarks/data/tiny-landmarks/validate/6651/b796542ee42b13ae.jpg, 6651
c7aafc7c4fd62d73, /home/gangwu/projects/landmarks/data/tiny-landmarks/validate/6651/c7aafc7c4fd62d73.jpg, 6651
a40ac5e59d3730d4, /home/gangwu/projects/landmarks/data/tiny-landmarks/validate/6651/a40ac5e59d3730d4.jpg, 6651
102acff91e24e287, /home/gangwu/projects/landmarks/data/tiny-landmarks/validate/6651/102acff91e24e287.jpg, 6651
00940222cf042dd6, /home/gangwu/projects/landmarks/data/tiny-landmarks/validate/6651/00940222cf042dd6.jpg, 6651
d00b13aeabc1f697, /home/gangwu/projects/landmarks/data/tiny-landmarks/validate/6651/d00b13aeabc1f697.jpg, 6651
b3147766ea0997f4, /home/gangwu/projects/landmarks/data/tiny-landmarks/validate/6651/b3147766ea0997f4.jpg, 6651
f138b5e67f397d72, /home/gangwu/projects/landmarks/data/tiny-landmarks/validate/6651/f138b5e67f397d72.jpg, 6651
0ac62caa9a2f6cde, /home/gangwu/projects/landmarks/data/tiny-landmarks/validate/6651/0ac62caa9a2f6cde.jpg, 6651
133585b1be84e189, /home/gangwu/projects/landmarks/data/tiny-landmarks/validate/6651/133585b1be84e189.jpg, 6651
9a5932aa725faf20, /home/gangwu/projects/landmarks/data/tiny-landmarks/validate/6651/9a5932aa725faf20.jpg, 6651
7dfb93f28b27f532, /home/gangwu/projects/landmarks/data/tiny-landmarks/validate/6651/7dfb93f28b27f532.jpg, 6651
5f2b9bea86e5f8e3, /home/gangwu/projects/landmarks/data/tiny-landmarks/validate/6651/5f2b9bea86e5f8e3.jpg, 6651
cea503dff373b7bd, /home/gangwu/projects/landmarks/data/tiny-landmarks/validate/6651/cea503dff373b7bd.jpg, 6651
b42e9836c5cb5f33, /home/gangwu/projects/landmarks/data/tiny-landmarks/validate/6651/b42e9836c5cb5f33.jpg, 6651
a46767b3bd503745, /home/gangwu/projects/landmarks/data/tiny-landmarks/validate/6651/a46767b3bd503745.jpg, 6651
ce5ebcf88c36f349, /home/gangwu/projects/landmarks/data/tiny-landmarks/validate/6651/ce5ebcf88c36f349.jpg, 6651
dcc5f809c12a121d, /home/gangwu/projects/landmarks/data/tiny-landmarks/validate/6651/dcc5f809c12a121d.jpg, 6651
e4b453a8acde25dd, /home/gangwu/projects/landmarks/data/tiny-landmarks/validate/6651/e4b453a8acde25dd.jpg, 6651
63d3dfd6ca94fdbd, /home/gangwu/projects/landmarks/data/tiny-landmarks/validate/6651/63d3dfd6ca94fdbd.jpg, 6651
774e3c7cb23126b6, /home/gangwu/projects/landmarks/data/tiny-landmarks/validate/6651/774e3c7cb23126b6.jpg, 6651
a0732fd3eff2688f, /home/gangwu/projects/landmarks/data/tiny-landmarks/validate/6651/a0732fd3eff2688f.jpg, 6651
025b4c7bd4fe934d, /home/gangwu/projects/landmarks/data/tiny-landmarks/validate/6651/025b4c7bd4fe934d.jpg, 6651
75af83648273fbf8, /home/gangwu/projects/landmarks/data/tiny-landmarks/validate/6651/75af83648273fbf8.jpg, 6651
6f97cf043a3a1c3c, /home/gangwu/projects/landmarks/data/tiny-landmarks/validate/6651/6f97cf043a3a1c3c.jpg, 6651
5f77b4dccb02a8cf, /home/gangwu/projects/landmarks/data/tiny-landmarks/validate/6651/5f77b4dccb02a8cf.jpg, 6651
54fe331f893cc426, /home/gangwu/projects/landmarks/data/tiny-landmarks/validate/6651/54fe331f893cc426.jpg, 6651
4ac32b8edaa54ad8, /home/gangwu/projects/landmarks/data/tiny-landmarks/validate/6651/4ac32b8edaa54ad8.jpg, 6651
c11249c2653bbef8, /home/gangwu/projects/landmarks/data/tiny-landmarks/validate/6651/c11249c2653bbef8.jpg, 6651
3a7e150b3aeb9291, /home/gangwu/projects/landmarks/data/tiny-landmarks/validate/6651/3a7e150b3aeb9291.jpg, 6651
f345c0df57f4674c, /home/gangwu/projects/landmarks/data/tiny-landmarks/validate/6651/f345c0df57f4674c.jpg, 6651
97810e39fd2580c3, /home/gangwu/projects/landmarks/data/tiny-landmarks/validate/6651/97810e39fd2580c3.jpg, 6651
d09b10c54b71f92e, /home/gangwu/projects/landmarks/data/tiny-landmarks/validate/6651/d09b10c54b71f92e.jpg, 6651
da51840ed0508420, /home/gangwu/projects/landmarks/data/tiny-landmarks/validate/6651/da51840ed0508420.jpg, 6651
d596fc46f4c8b144, /home/gangwu/projects/landmarks/data/tiny-landmarks/validate/6651/d596fc46f4c8b144.jpg, 6651
48eabb37e467628f, /home/gangwu/projects/landmarks/data/tiny-landmarks/validate/6651/48eabb37e467628f.jpg, 6651
bb17d5398298ca48, /home/gangwu/projects/landmarks/data/tiny-landmarks/validate/6651/bb17d5398298ca48.jpg, 6651
bdb20e9e860f4e7b, /home/gangwu/projects/landmarks/data/tiny-landmarks/validate/6651/bdb20e9e860f4e7b.jpg, 6651
8eb43655a9ed7a53, /home/gangwu/projects/landmarks/data/tiny-landmarks/validate/6651/8eb43655a9ed7a53.jpg, 6651
9477e071a77b4b9c, /home/gangwu/projects/landmarks/data/tiny-landmarks/validate/6651/9477e071a77b4b9c.jpg, 6651
3957c67632943e4f, /home/gangwu/projects/landmarks/data/tiny-landmarks/validate/6651/3957c67632943e4f.jpg, 6651
430968dde7efc152, /home/gangwu/projects/landmarks/data/tiny-landmarks/validate/9633/430968dde7efc152.jpg, 9633
78d1b1f544838a69, /home/gangwu/projects/landmarks/data/tiny-landmarks/validate/9633/78d1b1f544838a69.jpg, 9633
2e5baeb32fa31931, /home/gangwu/projects/landmarks/data/tiny-landmarks/validate/9633/2e5baeb32fa31931.jpg, 9633
7e53d637f866811b, /home/gangwu/projects/landmarks/data/tiny-landmarks/validate/9633/7e53d637f866811b.jpg, 9633
1fa8a31403af545f, /home/gangwu/projects/landmarks/data/tiny-landmarks/validate/9633/1fa8a31403af545f.jpg, 9633
a2c8e4e7c07c3474, /home/gangwu/projects/landmarks/data/tiny-landmarks/validate/9633/a2c8e4e7c07c3474.jpg, 9633
32ab02da558e76fb, /home/gangwu/projects/landmarks/data/tiny-landmarks/validate/9633/32ab02da558e76fb.jpg, 9633
475bbca4a465a74f, /home/gangwu/projects/landmarks/data/tiny-landmarks/validate/9633/475bbca4a465a74f.jpg, 9633
7245dd8f52b24a2b, /home/gangwu/projects/landmarks/data/tiny-landmarks/validate/9633/7245dd8f52b24a2b.jpg, 9633
4ac8daf4cf95fae6, /home/gangwu/projects/landmarks/data/tiny-landmarks/validate/9633/4ac8daf4cf95fae6.jpg, 9633
89ebdf1145a99b91, /home/gangwu/projects/landmarks/data/tiny-landmarks/validate/9633/89ebdf1145a99b91.jpg, 9633
73c8002c1bb76503, /home/gangwu/projects/landmarks/data/tiny-landmarks/validate/9633/73c8002c1bb76503.jpg, 9633
cb5296d923922926, /home/gangwu/projects/landmarks/data/tiny-landmarks/validate/9633/cb5296d923922926.jpg, 9633
b406dc9906ea1c58, /home/gangwu/projects/landmarks/data/tiny-landmarks/validate/9633/b406dc9906ea1c58.jpg, 9633
0b8de88242af49bb, /home/gangwu/projects/landmarks/data/tiny-landmarks/validate/9633/0b8de88242af49bb.jpg, 9633
799fe5731a3c45ab, /home/gangwu/projects/landmarks/data/tiny-landmarks/validate/9633/799fe5731a3c45ab.jpg, 9633
04a31b34d9699573, /home/gangwu/projects/landmarks/data/tiny-landmarks/validate/9633/04a31b34d9699573.jpg, 9633
470f5cb634cfb9b3, /home/gangwu/projects/landmarks/data/tiny-landmarks/validate/9633/470f5cb634cfb9b3.jpg, 9633
3974e19d361e1182, /home/gangwu/projects/landmarks/data/tiny-landmarks/validate/9633/3974e19d361e1182.jpg, 9633
3ed65becba4e7401, /home/gangwu/projects/landmarks/data/tiny-landmarks/validate/9633/3ed65becba4e7401.jpg, 9633
efa7f89e57d3a072, /home/gangwu/projects/landmarks/data/tiny-landmarks/validate/9633/efa7f89e57d3a072.jpg, 9633
071f170d3c29f50f, /home/gangwu/projects/landmarks/data/tiny-landmarks/validate/9633/071f170d3c29f50f.jpg, 9633
c885e2cb8d4bf583, /home/gangwu/projects/landmarks/data/tiny-landmarks/validate/9633/c885e2cb8d4bf583.jpg, 9633
d8c86c97682d9658, /home/gangwu/projects/landmarks/data/tiny-landmarks/validate/9633/d8c86c97682d9658.jpg, 9633
56e73d1ee7453b3e, /home/gangwu/projects/landmarks/data/tiny-landmarks/validate/9633/56e73d1ee7453b3e.jpg, 9633
f41f9fa664425ba8, /home/gangwu/projects/landmarks/data/tiny-landmarks/validate/9633/f41f9fa664425ba8.jpg, 9633
3a9904b9b8c4a606, /home/gangwu/projects/landmarks/data/tiny-landmarks/validate/9633/3a9904b9b8c4a606.jpg, 9633
b9d4658e9a473a74, /home/gangwu/projects/landmarks/data/tiny-landmarks/validate/9633/b9d4658e9a473a74.jpg, 9633
e36c7e7bc9e23686, /home/gangwu/projects/landmarks/data/tiny-landmarks/validate/9633/e36c7e7bc9e23686.jpg, 9633
c41cadd437878e39, /home/gangwu/projects/landmarks/data/tiny-landmarks/validate/9633/c41cadd437878e39.jpg, 9633
8270d2f606f9aec9, /home/gangwu/projects/landmarks/data/tiny-landmarks/validate/9633/8270d2f606f9aec9.jpg, 9633
725de31160237ae3, /home/gangwu/projects/landmarks/data/tiny-landmarks/validate/9633/725de31160237ae3.jpg, 9633
b4a053c3d8c7b00b, /home/gangwu/projects/landmarks/data/tiny-landmarks/validate/9633/b4a053c3d8c7b00b.jpg, 9633
b14aa591b0521585, /home/gangwu/projects/landmarks/data/tiny-landmarks/validate/9633/b14aa591b0521585.jpg, 9633
adcabac8b87a2511, /home/gangwu/projects/landmarks/data/tiny-landmarks/validate/9633/adcabac8b87a2511.jpg, 9633
2eed788b2b30de88, /home/gangwu/projects/landmarks/data/tiny-landmarks/validate/9633/2eed788b2b30de88.jpg, 9633
ba11367eaf8c7526, /home/gangwu/projects/landmarks/data/tiny-landmarks/validate/9633/ba11367eaf8c7526.jpg, 9633
94cf2d5709d64c4a, /home/gangwu/projects/landmarks/data/tiny-landmarks/validate/9633/94cf2d5709d64c4a.jpg, 9633
7d6d28212dc95c82, /home/gangwu/projects/landmarks/data/tiny-landmarks/validate/9633/7d6d28212dc95c82.jpg, 9633
8b734ac8f89265bf, /home/gangwu/projects/landmarks/data/tiny-landmarks/validate/9633/8b734ac8f89265bf.jpg, 9633
0e8126cb302b2d7d, /home/gangwu/projects/landmarks/data/tiny-landmarks/validate/9633/0e8126cb302b2d7d.jpg, 9633
747dfaf3d92d6b63, /home/gangwu/projects/landmarks/data/tiny-landmarks/validate/9633/747dfaf3d92d6b63.jpg, 9633
e35a7b77b97f2049, /home/gangwu/projects/landmarks/data/tiny-landmarks/validate/9633/e35a7b77b97f2049.jpg, 9633
bc1a0af11bd9ceb9, /home/gangwu/projects/landmarks/data/tiny-landmarks/validate/9633/bc1a0af11bd9ceb9.jpg, 9633
d888fa434c708f78, /home/gangwu/projects/landmarks/data/tiny-landmarks/validate/9633/d888fa434c708f78.jpg, 9633
12d5825ae1918dcc, /home/gangwu/projects/landmarks/data/tiny-landmarks/validate/9633/12d5825ae1918dcc.jpg, 9633
f5d2c714bfea5db8, /home/gangwu/projects/landmarks/data/tiny-landmarks/validate/9633/f5d2c714bfea5db8.jpg, 9633
e3eeaf73eb22ba0c, /home/gangwu/projects/landmarks/data/tiny-landmarks/validate/9633/e3eeaf73eb22ba0c.jpg, 9633
219f9de00398b1df, /home/gangwu/projects/landmarks/data/tiny-landmarks/validate/9633/219f9de00398b1df.jpg, 9633
22cc2801a635fc2e, /home/gangwu/projects/landmarks/data/tiny-landmarks/validate/9633/22cc2801a635fc2e.jpg, 9633
486c3464da3b4a28, /home/gangwu/projects/landmarks/data/tiny-landmarks/validate/2061/486c3464da3b4a28.jpg, 2061
59c5415e407b53c2, /home/gangwu/projects/landmarks/data/tiny-landmarks/validate/2061/59c5415e407b53c2.jpg, 2061
52389fa95e766a46, /home/gangwu/projects/landmarks/data/tiny-landmarks/validate/2061/52389fa95e766a46.jpg, 2061
e5145db35a3fb5ad, /home/gangwu/projects/landmarks/data/tiny-landmarks/validate/2061/e5145db35a3fb5ad.jpg, 2061
9267439b148e6811, /home/gangwu/projects/landmarks/data/tiny-landmarks/validate/2061/9267439b148e6811.jpg, 2061
8e4dc1b2cd99acf0, /home/gangwu/projects/landmarks/data/tiny-landmarks/validate/2061/8e4dc1b2cd99acf0.jpg, 2061
a432511d02b354ce, /home/gangwu/projects/landmarks/data/tiny-landmarks/validate/2061/a432511d02b354ce.jpg, 2061
9e70082e6bc4bcd6, /home/gangwu/projects/landmarks/data/tiny-landmarks/validate/2061/9e70082e6bc4bcd6.jpg, 2061
fb1818828e590b86, /home/gangwu/projects/landmarks/data/tiny-landmarks/validate/2061/fb1818828e590b86.jpg, 2061
29ab52a5da4de7f1, /home/gangwu/projects/landmarks/data/tiny-landmarks/validate/2061/29ab52a5da4de7f1.jpg, 2061
f0d68ff616f2a928, /home/gangwu/projects/landmarks/data/tiny-landmarks/validate/2061/f0d68ff616f2a928.jpg, 2061
07d3f530274c5fcc, /home/gangwu/projects/landmarks/data/tiny-landmarks/validate/2061/07d3f530274c5fcc.jpg, 2061
f8a98a97ed43c777, /home/gangwu/projects/landmarks/data/tiny-landmarks/validate/2061/f8a98a97ed43c777.jpg, 2061
3a4b70e4cc12b44b, /home/gangwu/projects/landmarks/data/tiny-landmarks/validate/2061/3a4b70e4cc12b44b.jpg, 2061
6926d1d04a9286c5, /home/gangwu/projects/landmarks/data/tiny-landmarks/validate/2061/6926d1d04a9286c5.jpg, 2061
9e37b828f7d9dd2c, /home/gangwu/projects/landmarks/data/tiny-landmarks/validate/2061/9e37b828f7d9dd2c.jpg, 2061
b9999387d6886ec6, /home/gangwu/projects/landmarks/data/tiny-landmarks/validate/2061/b9999387d6886ec6.jpg, 2061
41a9fe4a68970dd3, /home/gangwu/projects/landmarks/data/tiny-landmarks/validate/2061/41a9fe4a68970dd3.jpg, 2061
dbb00e9d350040ae, /home/gangwu/projects/landmarks/data/tiny-landmarks/validate/2061/dbb00e9d350040ae.jpg, 2061
1caf524d4f1a37d2, /home/gangwu/projects/landmarks/data/tiny-landmarks/validate/2061/1caf524d4f1a37d2.jpg, 2061
8ee8ff4bc029ca47, /home/gangwu/projects/landmarks/data/tiny-landmarks/validate/2061/8ee8ff4bc029ca47.jpg, 2061
5f2235a4eaeb1b38, /home/gangwu/projects/landmarks/data/tiny-landmarks/validate/2061/5f2235a4eaeb1b38.jpg, 2061
1e782e9f7ecdfbb0, /home/gangwu/projects/landmarks/data/tiny-landmarks/validate/2061/1e782e9f7ecdfbb0.jpg, 2061
9b603e977d659c66, /home/gangwu/projects/landmarks/data/tiny-landmarks/validate/2061/9b603e977d659c66.jpg, 2061
32c54750f1ae46ef, /home/gangwu/projects/landmarks/data/tiny-landmarks/validate/2061/32c54750f1ae46ef.jpg, 2061
0d1e478d23f311c2, /home/gangwu/projects/landmarks/data/tiny-landmarks/validate/2061/0d1e478d23f311c2.jpg, 2061
97441bbf25f48ccd, /home/gangwu/projects/landmarks/data/tiny-landmarks/validate/2061/97441bbf25f48ccd.jpg, 2061
43f1c84b2d55e116, /home/gangwu/projects/landmarks/data/tiny-landmarks/validate/2061/43f1c84b2d55e116.jpg, 2061
93e2bb16e4ab1b3e, /home/gangwu/projects/landmarks/data/tiny-landmarks/validate/2061/93e2bb16e4ab1b3e.jpg, 2061
993b554be30b4205, /home/gangwu/projects/landmarks/data/tiny-landmarks/validate/2061/993b554be30b4205.jpg, 2061
b52dd34a22e573a0, /home/gangwu/projects/landmarks/data/tiny-landmarks/validate/2061/b52dd34a22e573a0.jpg, 2061
3b582d3ded2c345c, /home/gangwu/projects/landmarks/data/tiny-landmarks/validate/2061/3b582d3ded2c345c.jpg, 2061
3e54b8a6c035787a, /home/gangwu/projects/landmarks/data/tiny-landmarks/validate/2061/3e54b8a6c035787a.jpg, 2061
f65c497ed8ed8d70, /home/gangwu/projects/landmarks/data/tiny-landmarks/validate/2061/f65c497ed8ed8d70.jpg, 2061
d6aa0affca21e9e3, /home/gangwu/projects/landmarks/data/tiny-landmarks/validate/2061/d6aa0affca21e9e3.jpg, 2061
281220bfc62507d7, /home/gangwu/projects/landmarks/data/tiny-landmarks/validate/2061/281220bfc62507d7.jpg, 2061
aca95bf79dffea4d, /home/gangwu/projects/landmarks/data/tiny-landmarks/validate/2061/aca95bf79dffea4d.jpg, 2061
41db8ab1729fe0d1, /home/gangwu/projects/landmarks/data/tiny-landmarks/validate/2061/41db8ab1729fe0d1.jpg, 2061
9257eee89150624e, /home/gangwu/projects/landmarks/data/tiny-landmarks/validate/2061/9257eee89150624e.jpg, 2061
482093222b05b58b, /home/gangwu/projects/landmarks/data/tiny-landmarks/validate/2061/482093222b05b58b.jpg, 2061
907769e0c73f71a0, /home/gangwu/projects/landmarks/data/tiny-landmarks/validate/2061/907769e0c73f71a0.jpg, 2061
b3c9212a38de5dcf, /home/gangwu/projects/landmarks/data/tiny-landmarks/validate/2061/b3c9212a38de5dcf.jpg, 2061
34ecb9cbea3842dc, /home/gangwu/projects/landmarks/data/tiny-landmarks/validate/2061/34ecb9cbea3842dc.jpg, 2061
0990bd5cc21151c7, /home/gangwu/projects/landmarks/data/tiny-landmarks/validate/2061/0990bd5cc21151c7.jpg, 2061
a1fd505af15c2229, /home/gangwu/projects/landmarks/data/tiny-landmarks/validate/2061/a1fd505af15c2229.jpg, 2061
0f483f9de8ceed32, /home/gangwu/projects/landmarks/data/tiny-landmarks/validate/2061/0f483f9de8ceed32.jpg, 2061
70b6bb298eaf6865, /home/gangwu/projects/landmarks/data/tiny-landmarks/validate/2061/70b6bb298eaf6865.jpg, 2061
2930cd91ebfa6adf, /home/gangwu/projects/landmarks/data/tiny-landmarks/validate/2061/2930cd91ebfa6adf.jpg, 2061
f01ba530e0df79ab, /home/gangwu/projects/landmarks/data/tiny-landmarks/validate/2061/f01ba530e0df79ab.jpg, 2061
135495523ccbec9a, /home/gangwu/projects/landmarks/data/tiny-landmarks/validate/2061/135495523ccbec9a.jpg, 2061
dcd08d1ddb058239, /home/gangwu/projects/landmarks/data/tiny-landmarks/validate/6051/dcd08d1ddb058239.jpg, 6051
515ac399a70550e3, /home/gangwu/projects/landmarks/data/tiny-landmarks/validate/6051/515ac399a70550e3.jpg, 6051
ae4f6a8a76a7da89, /home/gangwu/projects/landmarks/data/tiny-landmarks/validate/6051/ae4f6a8a76a7da89.jpg, 6051
b2430de668372146, /home/gangwu/projects/landmarks/data/tiny-landmarks/validate/6051/b2430de668372146.jpg, 6051
125902de5da8e47d, /home/gangwu/projects/landmarks/data/tiny-landmarks/validate/6051/125902de5da8e47d.jpg, 6051
e9b5ba595d8464d4, /home/gangwu/projects/landmarks/data/tiny-landmarks/validate/6051/e9b5ba595d8464d4.jpg, 6051
443b74481be76076, /home/gangwu/projects/landmarks/data/tiny-landmarks/validate/6051/443b74481be76076.jpg, 6051
f36be682de78e636, /home/gangwu/projects/landmarks/data/tiny-landmarks/validate/6051/f36be682de78e636.jpg, 6051
b47a145ddc0bebcc, /home/gangwu/projects/landmarks/data/tiny-landmarks/validate/6051/b47a145ddc0bebcc.jpg, 6051
de2d68678a4b3287, /home/gangwu/projects/landmarks/data/tiny-landmarks/validate/6051/de2d68678a4b3287.jpg, 6051
fbc7cc8607bca578, /home/gangwu/projects/landmarks/data/tiny-landmarks/validate/6051/fbc7cc8607bca578.jpg, 6051
ed8c30eda7489e32, /home/gangwu/projects/landmarks/data/tiny-landmarks/validate/6051/ed8c30eda7489e32.jpg, 6051
22c2bb63d0cb90e6, /home/gangwu/projects/landmarks/data/tiny-landmarks/validate/6051/22c2bb63d0cb90e6.jpg, 6051
5929058ba83e3335, /home/gangwu/projects/landmarks/data/tiny-landmarks/validate/6051/5929058ba83e3335.jpg, 6051
fd4a93c3f848c16b, /home/gangwu/projects/landmarks/data/tiny-landmarks/validate/6051/fd4a93c3f848c16b.jpg, 6051
4c9cac29a0606e53, /home/gangwu/projects/landmarks/data/tiny-landmarks/validate/6051/4c9cac29a0606e53.jpg, 6051
57af00bc55c12d81, /home/gangwu/projects/landmarks/data/tiny-landmarks/validate/6051/57af00bc55c12d81.jpg, 6051
ae84ef0946851870, /home/gangwu/projects/landmarks/data/tiny-landmarks/validate/6051/ae84ef0946851870.jpg, 6051
ccfea2fcea74c3aa, /home/gangwu/projects/landmarks/data/tiny-landmarks/validate/6051/ccfea2fcea74c3aa.jpg, 6051
b4e7e58d2b89f12c, /home/gangwu/projects/landmarks/data/tiny-landmarks/validate/6051/b4e7e58d2b89f12c.jpg, 6051
86a4de53256df62a, /home/gangwu/projects/landmarks/data/tiny-landmarks/validate/6051/86a4de53256df62a.jpg, 6051
48882f4d8abc86a7, /home/gangwu/projects/landmarks/data/tiny-landmarks/validate/6051/48882f4d8abc86a7.jpg, 6051
0e2865ca204b117d, /home/gangwu/projects/landmarks/data/tiny-landmarks/validate/6051/0e2865ca204b117d.jpg, 6051
839752f80839f912, /home/gangwu/projects/landmarks/data/tiny-landmarks/validate/6051/839752f80839f912.jpg, 6051
3a2abc3f0d53858b, /home/gangwu/projects/landmarks/data/tiny-landmarks/validate/6051/3a2abc3f0d53858b.jpg, 6051
16a178a22092597e, /home/gangwu/projects/landmarks/data/tiny-landmarks/validate/6051/16a178a22092597e.jpg, 6051
dbe7414b5276f1c1, /home/gangwu/projects/landmarks/data/tiny-landmarks/validate/6051/dbe7414b5276f1c1.jpg, 6051
fdb00eae26bbb542, /home/gangwu/projects/landmarks/data/tiny-landmarks/validate/6051/fdb00eae26bbb542.jpg, 6051
47501c7e330200f4, /home/gangwu/projects/landmarks/data/tiny-landmarks/validate/6051/47501c7e330200f4.jpg, 6051
6d22e37f6f2970b0, /home/gangwu/projects/landmarks/data/tiny-landmarks/validate/6051/6d22e37f6f2970b0.jpg, 6051
eceee2d3438f0484, /home/gangwu/projects/landmarks/data/tiny-landmarks/validate/6051/eceee2d3438f0484.jpg, 6051
c75489d01e2c2052, /home/gangwu/projects/landmarks/data/tiny-landmarks/validate/6051/c75489d01e2c2052.jpg, 6051
2ee63b824c047099, /home/gangwu/projects/landmarks/data/tiny-landmarks/validate/6051/2ee63b824c047099.jpg, 6051
786ff5ac9eed0027, /home/gangwu/projects/landmarks/data/tiny-landmarks/validate/6051/786ff5ac9eed0027.jpg, 6051
d7175f63d6f55af2, /home/gangwu/projects/landmarks/data/tiny-landmarks/validate/6051/d7175f63d6f55af2.jpg, 6051
272be7be7efbc6e5, /home/gangwu/projects/landmarks/data/tiny-landmarks/validate/6051/272be7be7efbc6e5.jpg, 6051
98fb047c3c154816, /home/gangwu/projects/landmarks/data/tiny-landmarks/validate/6051/98fb047c3c154816.jpg, 6051
f2a829796a40f461, /home/gangwu/projects/landmarks/data/tiny-landmarks/validate/6051/f2a829796a40f461.jpg, 6051
6adba1cef85f69a5, /home/gangwu/projects/landmarks/data/tiny-landmarks/validate/6051/6adba1cef85f69a5.jpg, 6051
da13184e14174be6, /home/gangwu/projects/landmarks/data/tiny-landmarks/validate/6051/da13184e14174be6.jpg, 6051
5b08e61571ebb403, /home/gangwu/projects/landmarks/data/tiny-landmarks/validate/6051/5b08e61571ebb403.jpg, 6051
4d0747bc0ac63348, /home/gangwu/projects/landmarks/data/tiny-landmarks/validate/6051/4d0747bc0ac63348.jpg, 6051
48022c6e373db8d6, /home/gangwu/projects/landmarks/data/tiny-landmarks/validate/6051/48022c6e373db8d6.jpg, 6051
eca9426344c4f3f9, /home/gangwu/projects/landmarks/data/tiny-landmarks/validate/6051/eca9426344c4f3f9.jpg, 6051
f0c205042c68fc7b, /home/gangwu/projects/landmarks/data/tiny-landmarks/validate/6051/f0c205042c68fc7b.jpg, 6051
651806faf174fb00, /home/gangwu/projects/landmarks/data/tiny-landmarks/validate/6051/651806faf174fb00.jpg, 6051
9309c8837e1ed9a6, /home/gangwu/projects/landmarks/data/tiny-landmarks/validate/6051/9309c8837e1ed9a6.jpg, 6051
a5fa78034cba30f3, /home/gangwu/projects/landmarks/data/tiny-landmarks/validate/6051/a5fa78034cba30f3.jpg, 6051
7bce45bf29190d61, /home/gangwu/projects/landmarks/data/tiny-landmarks/validate/6051/7bce45bf29190d61.jpg, 6051
11b5d5add732d09a, /home/gangwu/projects/landmarks/data/tiny-landmarks/validate/6051/11b5d5add732d09a.jpg, 6051
62a3b44edf210860, /home/gangwu/projects/landmarks/data/tiny-landmarks/validate/13526/62a3b44edf210860.jpg, 13526
c402314c806caf78, /home/gangwu/projects/landmarks/data/tiny-landmarks/validate/13526/c402314c806caf78.jpg, 13526
a74a76d4e0b0592a, /home/gangwu/projects/landmarks/data/tiny-landmarks/validate/13526/a74a76d4e0b0592a.jpg, 13526
c7451569a0fbdce1, /home/gangwu/projects/landmarks/data/tiny-landmarks/validate/13526/c7451569a0fbdce1.jpg, 13526
cf1d3cf747567ae3, /home/gangwu/projects/landmarks/data/tiny-landmarks/validate/13526/cf1d3cf747567ae3.jpg, 13526
4240800f5f19cb9e, /home/gangwu/projects/landmarks/data/tiny-landmarks/validate/13526/4240800f5f19cb9e.jpg, 13526
4f407b8f3e8b31bc, /home/gangwu/projects/landmarks/data/tiny-landmarks/validate/13526/4f407b8f3e8b31bc.jpg, 13526
547d7232ea98ddae, /home/gangwu/projects/landmarks/data/tiny-landmarks/validate/13526/547d7232ea98ddae.jpg, 13526
bb05a8b62141dbb4, /home/gangwu/projects/landmarks/data/tiny-landmarks/validate/13526/bb05a8b62141dbb4.jpg, 13526
79fc0f4cc401003c, /home/gangwu/projects/landmarks/data/tiny-landmarks/validate/13526/79fc0f4cc401003c.jpg, 13526
7824d03039cfb01d, /home/gangwu/projects/landmarks/data/tiny-landmarks/validate/13526/7824d03039cfb01d.jpg, 13526
b5f190302658ef34, /home/gangwu/projects/landmarks/data/tiny-landmarks/validate/13526/b5f190302658ef34.jpg, 13526
5f36959b2acb15b5, /home/gangwu/projects/landmarks/data/tiny-landmarks/validate/13526/5f36959b2acb15b5.jpg, 13526
33caaf035499d037, /home/gangwu/projects/landmarks/data/tiny-landmarks/validate/13526/33caaf035499d037.jpg, 13526
08bf536c9519b1e7, /home/gangwu/projects/landmarks/data/tiny-landmarks/validate/13526/08bf536c9519b1e7.jpg, 13526
d4b682c92991116b, /home/gangwu/projects/landmarks/data/tiny-landmarks/validate/13526/d4b682c92991116b.jpg, 13526
587bc8936bfd8de9, /home/gangwu/projects/landmarks/data/tiny-landmarks/validate/13526/587bc8936bfd8de9.jpg, 13526
f67315b927c7489d, /home/gangwu/projects/landmarks/data/tiny-landmarks/validate/13526/f67315b927c7489d.jpg, 13526
e105c01fdaa1456d, /home/gangwu/projects/landmarks/data/tiny-landmarks/validate/13526/e105c01fdaa1456d.jpg, 13526
9f85f37df73ccde9, /home/gangwu/projects/landmarks/data/tiny-landmarks/validate/13526/9f85f37df73ccde9.jpg, 13526
fc11086661f7721a, /home/gangwu/projects/landmarks/data/tiny-landmarks/validate/13526/fc11086661f7721a.jpg, 13526
dba4f00deb1176fb, /home/gangwu/projects/landmarks/data/tiny-landmarks/validate/13526/dba4f00deb1176fb.jpg, 13526
7cba85817bb33c1a, /home/gangwu/projects/landmarks/data/tiny-landmarks/validate/13526/7cba85817bb33c1a.jpg, 13526
36a5bc3a880f38da, /home/gangwu/projects/landmarks/data/tiny-landmarks/validate/13526/36a5bc3a880f38da.jpg, 13526
f56e510de8a27c70, /home/gangwu/projects/landmarks/data/tiny-landmarks/validate/13526/f56e510de8a27c70.jpg, 13526
d8669202afb40cde, /home/gangwu/projects/landmarks/data/tiny-landmarks/validate/13526/d8669202afb40cde.jpg, 13526
52e87fbe199ea48f, /home/gangwu/projects/landmarks/data/tiny-landmarks/validate/13526/52e87fbe199ea48f.jpg, 13526
498da60283065648, /home/gangwu/projects/landmarks/data/tiny-landmarks/validate/13526/498da60283065648.jpg, 13526
f32dd44a0af066f4, /home/gangwu/projects/landmarks/data/tiny-landmarks/validate/13526/f32dd44a0af066f4.jpg, 13526
0a79e6383610159a, /home/gangwu/projects/landmarks/data/tiny-landmarks/validate/13526/0a79e6383610159a.jpg, 13526
24763b8bb3f6ec22, /home/gangwu/projects/landmarks/data/tiny-landmarks/validate/13526/24763b8bb3f6ec22.jpg, 13526
0b79918d6828b11b, /home/gangwu/projects/landmarks/data/tiny-landmarks/validate/13526/0b79918d6828b11b.jpg, 13526
bb70c56668dd6c6c, /home/gangwu/projects/landmarks/data/tiny-landmarks/validate/13526/bb70c56668dd6c6c.jpg, 13526
afcefc0216e194c2, /home/gangwu/projects/landmarks/data/tiny-landmarks/validate/13526/afcefc0216e194c2.jpg, 13526
35e856120be57cfb, /home/gangwu/projects/landmarks/data/tiny-landmarks/validate/13526/35e856120be57cfb.jpg, 13526
6ce0b1e138fbc93c, /home/gangwu/projects/landmarks/data/tiny-landmarks/validate/13526/6ce0b1e138fbc93c.jpg, 13526
4a6f51896eeefec8, /home/gangwu/projects/landmarks/data/tiny-landmarks/validate/13526/4a6f51896eeefec8.jpg, 13526
2a47f91e63da3daf, /home/gangwu/projects/landmarks/data/tiny-landmarks/validate/13526/2a47f91e63da3daf.jpg, 13526
a7ce0a6c31c3e618, /home/gangwu/projects/landmarks/data/tiny-landmarks/validate/13526/a7ce0a6c31c3e618.jpg, 13526
017338c60b86d738, /home/gangwu/projects/landmarks/data/tiny-landmarks/validate/13526/017338c60b86d738.jpg, 13526
302a84662ba0daae, /home/gangwu/projects/landmarks/data/tiny-landmarks/validate/13526/302a84662ba0daae.jpg, 13526
d2fddc316e62b3b6, /home/gangwu/projects/landmarks/data/tiny-landmarks/validate/13526/d2fddc316e62b3b6.jpg, 13526
9e7fff97ccd254aa, /home/gangwu/projects/landmarks/data/tiny-landmarks/validate/13526/9e7fff97ccd254aa.jpg, 13526
72008ddfe70b4484, /home/gangwu/projects/landmarks/data/tiny-landmarks/validate/13526/72008ddfe70b4484.jpg, 13526
35ed9525f1bfec77, /home/gangwu/projects/landmarks/data/tiny-landmarks/validate/13526/35ed9525f1bfec77.jpg, 13526
9da4ab7148e86767, /home/gangwu/projects/landmarks/data/tiny-landmarks/validate/13526/9da4ab7148e86767.jpg, 13526
660423ef3c29bca8, /home/gangwu/projects/landmarks/data/tiny-landmarks/validate/13526/660423ef3c29bca8.jpg, 13526
5c31c9ad89e5af6e, /home/gangwu/projects/landmarks/data/tiny-landmarks/validate/13526/5c31c9ad89e5af6e.jpg, 13526
a4cc89942f893a8c, /home/gangwu/projects/landmarks/data/tiny-landmarks/validate/13526/a4cc89942f893a8c.jpg, 13526
200e130e89e7f612, /home/gangwu/projects/landmarks/data/tiny-landmarks/validate/13526/200e130e89e7f612.jpg, 13526
6726ac46abab3c04, /home/gangwu/projects/landmarks/data/tiny-landmarks/validate/9779/6726ac46abab3c04.jpg, 9779
f0c7c7aaad627526, /home/gangwu/projects/landmarks/data/tiny-landmarks/validate/9779/f0c7c7aaad627526.jpg, 9779
bb516156593c2d06, /home/gangwu/projects/landmarks/data/tiny-landmarks/validate/9779/bb516156593c2d06.jpg, 9779
36167e6ed2a34c81, /home/gangwu/projects/landmarks/data/tiny-landmarks/validate/9779/36167e6ed2a34c81.jpg, 9779
d35c56b72b890ae7, /home/gangwu/projects/landmarks/data/tiny-landmarks/validate/9779/d35c56b72b890ae7.jpg, 9779
d22e61370bea5983, /home/gangwu/projects/landmarks/data/tiny-landmarks/validate/9779/d22e61370bea5983.jpg, 9779
d333b856a97aecb0, /home/gangwu/projects/landmarks/data/tiny-landmarks/validate/9779/d333b856a97aecb0.jpg, 9779
995e9c05961de4f1, /home/gangwu/projects/landmarks/data/tiny-landmarks/validate/9779/995e9c05961de4f1.jpg, 9779
c7c0c3f7de427a5e, /home/gangwu/projects/landmarks/data/tiny-landmarks/validate/9779/c7c0c3f7de427a5e.jpg, 9779
c8e0de92f71726af, /home/gangwu/projects/landmarks/data/tiny-landmarks/validate/9779/c8e0de92f71726af.jpg, 9779
22af5778d4ea550f, /home/gangwu/projects/landmarks/data/tiny-landmarks/validate/9779/22af5778d4ea550f.jpg, 9779
cc208c70e3243d0d, /home/gangwu/projects/landmarks/data/tiny-landmarks/validate/9779/cc208c70e3243d0d.jpg, 9779
e4b6d3e337d1cac1, /home/gangwu/projects/landmarks/data/tiny-landmarks/validate/9779/e4b6d3e337d1cac1.jpg, 9779
896b167eb2e72035, /home/gangwu/projects/landmarks/data/tiny-landmarks/validate/9779/896b167eb2e72035.jpg, 9779
e6a7a8aa2abdf8ce, /home/gangwu/projects/landmarks/data/tiny-landmarks/validate/9779/e6a7a8aa2abdf8ce.jpg, 9779
ed0dbad20759ce89, /home/gangwu/projects/landmarks/data/tiny-landmarks/validate/9779/ed0dbad20759ce89.jpg, 9779
984fdbfdd86e4a99, /home/gangwu/projects/landmarks/data/tiny-landmarks/validate/9779/984fdbfdd86e4a99.jpg, 9779
274294f8dc625176, /home/gangwu/projects/landmarks/data/tiny-landmarks/validate/9779/274294f8dc625176.jpg, 9779
1b77bcd9514e9188, /home/gangwu/projects/landmarks/data/tiny-landmarks/validate/9779/1b77bcd9514e9188.jpg, 9779
389700a66b58158e, /home/gangwu/projects/landmarks/data/tiny-landmarks/validate/9779/389700a66b58158e.jpg, 9779
00e235f39135a6fa, /home/gangwu/projects/landmarks/data/tiny-landmarks/validate/9779/00e235f39135a6fa.jpg, 9779
65112312d6d1030a, /home/gangwu/projects/landmarks/data/tiny-landmarks/validate/9779/65112312d6d1030a.jpg, 9779
458e258c97929e11, /home/gangwu/projects/landmarks/data/tiny-landmarks/validate/9779/458e258c97929e11.jpg, 9779
f86413dfd6994ab0, /home/gangwu/projects/landmarks/data/tiny-landmarks/validate/9779/f86413dfd6994ab0.jpg, 9779
fae2f6b35320d9c5, /home/gangwu/projects/landmarks/data/tiny-landmarks/validate/9779/fae2f6b35320d9c5.jpg, 9779
3a6521a8957a8993, /home/gangwu/projects/landmarks/data/tiny-landmarks/validate/9779/3a6521a8957a8993.jpg, 9779
4028f74a56055136, /home/gangwu/projects/landmarks/data/tiny-landmarks/validate/9779/4028f74a56055136.jpg, 9779
3ce5bdc880d43fad, /home/gangwu/projects/landmarks/data/tiny-landmarks/validate/9779/3ce5bdc880d43fad.jpg, 9779
df8a90023bdf40bf, /home/gangwu/projects/landmarks/data/tiny-landmarks/validate/9779/df8a90023bdf40bf.jpg, 9779
36d6e1434eded23d, /home/gangwu/projects/landmarks/data/tiny-landmarks/validate/9779/36d6e1434eded23d.jpg, 9779
0920198a41fb769c, /home/gangwu/projects/landmarks/data/tiny-landmarks/validate/9779/0920198a41fb769c.jpg, 9779
3c47ddb4fb18d587, /home/gangwu/projects/landmarks/data/tiny-landmarks/validate/9779/3c47ddb4fb18d587.jpg, 9779
3aa2edb45003de2e, /home/gangwu/projects/landmarks/data/tiny-landmarks/validate/9779/3aa2edb45003de2e.jpg, 9779
7315e1f4b537cf83, /home/gangwu/projects/landmarks/data/tiny-landmarks/validate/9779/7315e1f4b537cf83.jpg, 9779
7640baebb9a198ed, /home/gangwu/projects/landmarks/data/tiny-landmarks/validate/9779/7640baebb9a198ed.jpg, 9779
b43fff4099be0e35, /home/gangwu/projects/landmarks/data/tiny-landmarks/validate/9779/b43fff4099be0e35.jpg, 9779
0626053e04598047, /home/gangwu/projects/landmarks/data/tiny-landmarks/validate/9779/0626053e04598047.jpg, 9779
72504028d67b5153, /home/gangwu/projects/landmarks/data/tiny-landmarks/validate/9779/72504028d67b5153.jpg, 9779
8b400276268338ae, /home/gangwu/projects/landmarks/data/tiny-landmarks/validate/9779/8b400276268338ae.jpg, 9779
c69954ffb3e3a601, /home/gangwu/projects/landmarks/data/tiny-landmarks/validate/9779/c69954ffb3e3a601.jpg, 9779
5de91cf70e9a650d, /home/gangwu/projects/landmarks/data/tiny-landmarks/validate/9779/5de91cf70e9a650d.jpg, 9779
e9513d16122e4cef, /home/gangwu/projects/landmarks/data/tiny-landmarks/validate/9779/e9513d16122e4cef.jpg, 9779
789733f9b5f7d724, /home/gangwu/projects/landmarks/data/tiny-landmarks/validate/9779/789733f9b5f7d724.jpg, 9779
cb29c9abb3a93e0d, /home/gangwu/projects/landmarks/data/tiny-landmarks/validate/9779/cb29c9abb3a93e0d.jpg, 9779
045987df7f645f44, /home/gangwu/projects/landmarks/data/tiny-landmarks/validate/9779/045987df7f645f44.jpg, 9779
04d666cd8df2ac23, /home/gangwu/projects/landmarks/data/tiny-landmarks/validate/9779/04d666cd8df2ac23.jpg, 9779
bdcd92252cd7b7e5, /home/gangwu/projects/landmarks/data/tiny-landmarks/validate/9779/bdcd92252cd7b7e5.jpg, 9779
e100ca7896e84244, /home/gangwu/projects/landmarks/data/tiny-landmarks/validate/9779/e100ca7896e84244.jpg, 9779
f866097d810bb67c, /home/gangwu/projects/landmarks/data/tiny-landmarks/validate/9779/f866097d810bb67c.jpg, 9779
98d0de5e28363402, /home/gangwu/projects/landmarks/data/tiny-landmarks/validate/9779/98d0de5e28363402.jpg, 9779
ebf84e2ebd5e1d7b, /home/gangwu/projects/landmarks/data/tiny-landmarks/validate/5376/ebf84e2ebd5e1d7b.jpg, 5376
f7ce939d30d54009, /home/gangwu/projects/landmarks/data/tiny-landmarks/validate/5376/f7ce939d30d54009.jpg, 5376
6c13b8eb6be7df97, /home/gangwu/projects/landmarks/data/tiny-landmarks/validate/5376/6c13b8eb6be7df97.jpg, 5376
ef4c44d02ea00e37, /home/gangwu/projects/landmarks/data/tiny-landmarks/validate/5376/ef4c44d02ea00e37.jpg, 5376
7be4b9bd32a869bb, /home/gangwu/projects/landmarks/data/tiny-landmarks/validate/5376/7be4b9bd32a869bb.jpg, 5376
a0716bc613ff3d97, /home/gangwu/projects/landmarks/data/tiny-landmarks/validate/5376/a0716bc613ff3d97.jpg, 5376
225973f1b7ba4935, /home/gangwu/projects/landmarks/data/tiny-landmarks/validate/5376/225973f1b7ba4935.jpg, 5376
1ab6d68aaa2e71be, /home/gangwu/projects/landmarks/data/tiny-landmarks/validate/5376/1ab6d68aaa2e71be.jpg, 5376
3d73b8674db1ec94, /home/gangwu/projects/landmarks/data/tiny-landmarks/validate/5376/3d73b8674db1ec94.jpg, 5376
1bb7ef79b97a89be, /home/gangwu/projects/landmarks/data/tiny-landmarks/validate/5376/1bb7ef79b97a89be.jpg, 5376
b9a417d04b1fb841, /home/gangwu/projects/landmarks/data/tiny-landmarks/validate/5376/b9a417d04b1fb841.jpg, 5376
d87948280e259eac, /home/gangwu/projects/landmarks/data/tiny-landmarks/validate/5376/d87948280e259eac.jpg, 5376
94aab5584d54b826, /home/gangwu/projects/landmarks/data/tiny-landmarks/validate/5376/94aab5584d54b826.jpg, 5376
9108e96682180dfd, /home/gangwu/projects/landmarks/data/tiny-landmarks/validate/5376/9108e96682180dfd.jpg, 5376
a9585b318e0bafa0, /home/gangwu/projects/landmarks/data/tiny-landmarks/validate/5376/a9585b318e0bafa0.jpg, 5376
c108e5760c513c15, /home/gangwu/projects/landmarks/data/tiny-landmarks/validate/5376/c108e5760c513c15.jpg, 5376
324c4404d18eaa64, /home/gangwu/projects/landmarks/data/tiny-landmarks/validate/5376/324c4404d18eaa64.jpg, 5376
243eb540e7b3be0f, /home/gangwu/projects/landmarks/data/tiny-landmarks/validate/5376/243eb540e7b3be0f.jpg, 5376
2ba3d09ba01b1f11, /home/gangwu/projects/landmarks/data/tiny-landmarks/validate/5376/2ba3d09ba01b1f11.jpg, 5376
6bfe62c630b6aa7a, /home/gangwu/projects/landmarks/data/tiny-landmarks/validate/5376/6bfe62c630b6aa7a.jpg, 5376
f09852745d710651, /home/gangwu/projects/landmarks/data/tiny-landmarks/validate/5376/f09852745d710651.jpg, 5376
bdad1110b34a35ad, /home/gangwu/projects/landmarks/data/tiny-landmarks/validate/5376/bdad1110b34a35ad.jpg, 5376
a1d0b1da399813db, /home/gangwu/projects/landmarks/data/tiny-landmarks/validate/5376/a1d0b1da399813db.jpg, 5376
843e6b20a33871e6, /home/gangwu/projects/landmarks/data/tiny-landmarks/validate/5376/843e6b20a33871e6.jpg, 5376
4a88a6f93774ee1d, /home/gangwu/projects/landmarks/data/tiny-landmarks/validate/5376/4a88a6f93774ee1d.jpg, 5376
2d43d27fc9f1bd68, /home/gangwu/projects/landmarks/data/tiny-landmarks/validate/5376/2d43d27fc9f1bd68.jpg, 5376
114825063c5d681c, /home/gangwu/projects/landmarks/data/tiny-landmarks/validate/5376/114825063c5d681c.jpg, 5376
bd9ebc132426485d, /home/gangwu/projects/landmarks/data/tiny-landmarks/validate/5376/bd9ebc132426485d.jpg, 5376
c3a2eab5c3b26c03, /home/gangwu/projects/landmarks/data/tiny-landmarks/validate/5376/c3a2eab5c3b26c03.jpg, 5376
df8a80e3aad7657e, /home/gangwu/projects/landmarks/data/tiny-landmarks/validate/5376/df8a80e3aad7657e.jpg, 5376
f671eb5de77a2a20, /home/gangwu/projects/landmarks/data/tiny-landmarks/validate/5376/f671eb5de77a2a20.jpg, 5376
a2aea9c56cd92567, /home/gangwu/projects/landmarks/data/tiny-landmarks/validate/5376/a2aea9c56cd92567.jpg, 5376
c977e479c8bb15ae, /home/gangwu/projects/landmarks/data/tiny-landmarks/validate/5376/c977e479c8bb15ae.jpg, 5376
d7f7b158b4ef18b6, /home/gangwu/projects/landmarks/data/tiny-landmarks/validate/5376/d7f7b158b4ef18b6.jpg, 5376
f1eb998b98c3d5c7, /home/gangwu/projects/landmarks/data/tiny-landmarks/validate/5376/f1eb998b98c3d5c7.jpg, 5376
d6354b7e4a21b276, /home/gangwu/projects/landmarks/data/tiny-landmarks/validate/5376/d6354b7e4a21b276.jpg, 5376
f092a7a164f4a0f7, /home/gangwu/projects/landmarks/data/tiny-landmarks/validate/5376/f092a7a164f4a0f7.jpg, 5376
9794fb6cfd897f6a, /home/gangwu/projects/landmarks/data/tiny-landmarks/validate/5376/9794fb6cfd897f6a.jpg, 5376
55a171de60beced6, /home/gangwu/projects/landmarks/data/tiny-landmarks/validate/5376/55a171de60beced6.jpg, 5376
c1fca871c2f73a0a, /home/gangwu/projects/landmarks/data/tiny-landmarks/validate/5376/c1fca871c2f73a0a.jpg, 5376
c734d8ff21d7baf2, /home/gangwu/projects/landmarks/data/tiny-landmarks/validate/5376/c734d8ff21d7baf2.jpg, 5376
545bdceccb53efc5, /home/gangwu/projects/landmarks/data/tiny-landmarks/validate/5376/545bdceccb53efc5.jpg, 5376
4ede193b2f604f1c, /home/gangwu/projects/landmarks/data/tiny-landmarks/validate/5376/4ede193b2f604f1c.jpg, 5376
8c70241a97fa241d, /home/gangwu/projects/landmarks/data/tiny-landmarks/validate/5376/8c70241a97fa241d.jpg, 5376
3ecac5cbf720a2cc, /home/gangwu/projects/landmarks/data/tiny-landmarks/validate/5376/3ecac5cbf720a2cc.jpg, 5376
44e38561d8e4c8c6, /home/gangwu/projects/landmarks/data/tiny-landmarks/validate/5376/44e38561d8e4c8c6.jpg, 5376
389483b10a865ce5, /home/gangwu/projects/landmarks/data/tiny-landmarks/validate/5376/389483b10a865ce5.jpg, 5376
99802d5421edea28, /home/gangwu/projects/landmarks/data/tiny-landmarks/validate/5376/99802d5421edea28.jpg, 5376
0ed746167a6ad454, /home/gangwu/projects/landmarks/data/tiny-landmarks/validate/5376/0ed746167a6ad454.jpg, 5376
16acc07e7bec6732, /home/gangwu/projects/landmarks/data/tiny-landmarks/validate/5376/16acc07e7bec6732.jpg, 5376
